Country Name,Country ISO3,Year,Indicator Name,Indicator Code,Value
#country+name,#country+code,#date+year,#indicator+name,#indicator+code,#indicator+value+num
Algeria,DZA,2015,Urban land area where elevation is below 5 meters (sq. km),AG.LND.EL5M.UR.K2,164.5325647508
Algeria,DZA,2000,Urban land area where elevation is below 5 meters (sq. km),AG.LND.EL5M.UR.K2,149.2668981591
Algeria,DZA,1990,Urban land area where elevation is below 5 meters (sq. km),AG.LND.EL5M.UR.K2,133.5559189549
Algeria,DZA,2015,Urban land area where elevation is below 5 meters (% of total land area),AG.LND.EL5M.UR.ZS,0.00710774380396344
Algeria,DZA,2000,Urban land area where elevation is below 5 meters (% of total land area),AG.LND.EL5M.UR.ZS,0.00644827285183716
Algeria,DZA,1990,Urban land area where elevation is below 5 meters (% of total land area),AG.LND.EL5M.UR.ZS,0.00576956456534648
Algeria,DZA,2015,Urban land area (sq. km),AG.LND.TOTL.UR.K2,9357.0997471495
Algeria,DZA,2000,Urban land area (sq. km),AG.LND.TOTL.UR.K2,7652.3558361744
Algeria,DZA,1990,Urban land area (sq. km),AG.LND.TOTL.UR.K2,5850.9057641325
Algeria,DZA,2023,"Access to electricity, urban (% of urban population)",EG.ELC.ACCS.UR.ZS,100
Algeria,DZA,2022,"Access to electricity, urban (% of urban population)",EG.ELC.ACCS.UR.ZS,100
Algeria,DZA,2021,"Access to electricity, urban (% of urban population)",EG.ELC.ACCS.UR.ZS,100
Algeria,DZA,2020,"Access to electricity, urban (% of urban population)",EG.ELC.ACCS.UR.ZS,99.9
Algeria,DZA,2019,"Access to electricity, urban (% of urban population)",EG.ELC.ACCS.UR.ZS,99.8
Algeria,DZA,2018,"Access to electricity, urban (% of urban population)",EG.ELC.ACCS.UR.ZS,99.9
Algeria,DZA,2017,"Access to electricity, urban (% of urban population)",EG.ELC.ACCS.UR.ZS,99.9
Algeria,DZA,2016,"Access to electricity, urban (% of urban population)",EG.ELC.ACCS.UR.ZS,99.9
Algeria,DZA,2015,"Access to electricity, urban (% of urban population)",EG.ELC.ACCS.UR.ZS,99.9
Algeria,DZA,2014,"Access to electricity, urban (% of urban population)",EG.ELC.ACCS.UR.ZS,99.9
Algeria,DZA,2013,"Access to electricity, urban (% of urban population)",EG.ELC.ACCS.UR.ZS,99.8
Algeria,DZA,2012,"Access to electricity, urban (% of urban population)",EG.ELC.ACCS.UR.ZS,99.3
Algeria,DZA,2011,"Access to electricity, urban (% of urban population)",EG.ELC.ACCS.UR.ZS,99.7
Algeria,DZA,2010,"Access to electricity, urban (% of urban population)",EG.ELC.ACCS.UR.ZS,99.6
Algeria,DZA,2009,"Access to electricity, urban (% of urban population)",EG.ELC.ACCS.UR.ZS,99.5
Algeria,DZA,2008,"Access to electricity, urban (% of urban population)",EG.ELC.ACCS.UR.ZS,100
Algeria,DZA,2007,"Access to electricity, urban (% of urban population)",EG.ELC.ACCS.UR.ZS,99.4
Algeria,DZA,2006,"Access to electricity, urban (% of urban population)",EG.ELC.ACCS.UR.ZS,99.4
Algeria,DZA,2005,"Access to electricity, urban (% of urban population)",EG.ELC.ACCS.UR.ZS,99.3
Algeria,DZA,2004,"Access to electricity, urban (% of urban population)",EG.ELC.ACCS.UR.ZS,99.3
Algeria,DZA,2003,"Access to electricity, urban (% of urban population)",EG.ELC.ACCS.UR.ZS,99.3
Algeria,DZA,2002,"Access to electricity, urban (% of urban population)",EG.ELC.ACCS.UR.ZS,99.4
Algeria,DZA,2001,"Access to electricity, urban (% of urban population)",EG.ELC.ACCS.UR.ZS,99.4
Algeria,DZA,2000,"Access to electricity, urban (% of urban population)",EG.ELC.ACCS.UR.ZS,99.5
Algeria,DZA,2020,"PM2.5 air pollution, mean annual exposure (micrograms per cubic meter)",EN.ATM.PM25.MC.M3,25.5526558310447
Algeria,DZA,2019,"PM2.5 air pollution, mean annual exposure (micrograms per cubic meter)",EN.ATM.PM25.MC.M3,24.3886086444981
Algeria,DZA,2018,"PM2.5 air pollution, mean annual exposure (micrograms per cubic meter)",EN.ATM.PM25.MC.M3,24.9335900639775
Algeria,DZA,2017,"PM2.5 air pollution, mean annual exposure (micrograms per cubic meter)",EN.ATM.PM25.MC.M3,24.7521457818965
Algeria,DZA,2016,"PM2.5 air pollution, mean annual exposure (micrograms per cubic meter)",EN.ATM.PM25.MC.M3,25.5531525527547
Algeria,DZA,2015,"PM2.5 air pollution, mean annual exposure (micrograms per cubic meter)",EN.ATM.PM25.MC.M3,25.6188658260447
Algeria,DZA,2014,"PM2.5 air pollution, mean annual exposure (micrograms per cubic meter)",EN.ATM.PM25.MC.M3,24.111122951181
Algeria,DZA,2013,"PM2.5 air pollution, mean annual exposure (micrograms per cubic meter)",EN.ATM.PM25.MC.M3,22.3802640164928
Algeria,DZA,2012,"PM2.5 air pollution, mean annual exposure (micrograms per cubic meter)",EN.ATM.PM25.MC.M3,24.3968164333132
Algeria,DZA,2011,"PM2.5 air pollution, mean annual exposure (micrograms per cubic meter)",EN.ATM.PM25.MC.M3,23.5721077905837
Algeria,DZA,2010,"PM2.5 air pollution, mean annual exposure (micrograms per cubic meter)",EN.ATM.PM25.MC.M3,24.3952993862667
Algeria,DZA,2009,"PM2.5 air pollution, mean annual exposure (micrograms per cubic meter)",EN.ATM.PM25.MC.M3,24.9720395477565
Algeria,DZA,2008,"PM2.5 air pollution, mean annual exposure (micrograms per cubic meter)",EN.ATM.PM25.MC.M3,25.4799096142764
Algeria,DZA,2007,"PM2.5 air pollution, mean annual exposure (micrograms per cubic meter)",EN.ATM.PM25.MC.M3,25.9305422423959
Algeria,DZA,2006,"PM2.5 air pollution, mean annual exposure (micrograms per cubic meter)",EN.ATM.PM25.MC.M3,26.3355700886845
Algeria,DZA,2005,"PM2.5 air pollution, mean annual exposure (micrograms per cubic meter)",EN.ATM.PM25.MC.M3,26.7066258097118
Algeria,DZA,2004,"PM2.5 air pollution, mean annual exposure (micrograms per cubic meter)",EN.ATM.PM25.MC.M3,27.0945424726476
Algeria,DZA,2003,"PM2.5 air pollution, mean annual exposure (micrograms per cubic meter)",EN.ATM.PM25.MC.M3,27.5018984382489
Algeria,DZA,2002,"PM2.5 air pollution, mean annual exposure (micrograms per cubic meter)",EN.ATM.PM25.MC.M3,27.867944303466
Algeria,DZA,2001,"PM2.5 air pollution, mean annual exposure (micrograms per cubic meter)",EN.ATM.PM25.MC.M3,28.1319306652494
Algeria,DZA,2000,"PM2.5 air pollution, mean annual exposure (micrograms per cubic meter)",EN.ATM.PM25.MC.M3,28.2331081205494
Algeria,DZA,1999,"PM2.5 air pollution, mean annual exposure (micrograms per cubic meter)",EN.ATM.PM25.MC.M3,27.9532603105473
Algeria,DZA,1998,"PM2.5 air pollution, mean annual exposure (micrograms per cubic meter)",EN.ATM.PM25.MC.M3,27.2521407842692
Algeria,DZA,1997,"PM2.5 air pollution, mean annual exposure (micrograms per cubic meter)",EN.ATM.PM25.MC.M3,26.3359550004331
Algeria,DZA,1996,"PM2.5 air pollution, mean annual exposure (micrograms per cubic meter)",EN.ATM.PM25.MC.M3,25.4109084177572
Algeria,DZA,1995,"PM2.5 air pollution, mean annual exposure (micrograms per cubic meter)",EN.ATM.PM25.MC.M3,24.6832064949592
Algeria,DZA,1994,"PM2.5 air pollution, mean annual exposure (micrograms per cubic meter)",EN.ATM.PM25.MC.M3,24.1378105446522
Algeria,DZA,1993,"PM2.5 air pollution, mean annual exposure (micrograms per cubic meter)",EN.ATM.PM25.MC.M3,23.626418510084
Algeria,DZA,1992,"PM2.5 air pollution, mean annual exposure (micrograms per cubic meter)",EN.ATM.PM25.MC.M3,23.1553407959252
Algeria,DZA,1991,"PM2.5 air pollution, mean annual exposure (micrograms per cubic meter)",EN.ATM.PM25.MC.M3,22.7308878068466
Algeria,DZA,1990,"PM2.5 air pollution, mean annual exposure (micrograms per cubic meter)",EN.ATM.PM25.MC.M3,22.3593699475188
Algeria,DZA,2017,"PM2.5 air pollution, population exposed to levels exceeding WHO guideline value (% of total)",EN.ATM.PM25.MC.ZS,100
Algeria,DZA,2016,"PM2.5 air pollution, population exposed to levels exceeding WHO guideline value (% of total)",EN.ATM.PM25.MC.ZS,100
Algeria,DZA,2015,"PM2.5 air pollution, population exposed to levels exceeding WHO guideline value (% of total)",EN.ATM.PM25.MC.ZS,100
Algeria,DZA,2014,"PM2.5 air pollution, population exposed to levels exceeding WHO guideline value (% of total)",EN.ATM.PM25.MC.ZS,100
Algeria,DZA,2013,"PM2.5 air pollution, population exposed to levels exceeding WHO guideline value (% of total)",EN.ATM.PM25.MC.ZS,100
Algeria,DZA,2012,"PM2.5 air pollution, population exposed to levels exceeding WHO guideline value (% of total)",EN.ATM.PM25.MC.ZS,100
Algeria,DZA,2011,"PM2.5 air pollution, population exposed to levels exceeding WHO guideline value (% of total)",EN.ATM.PM25.MC.ZS,100
Algeria,DZA,2010,"PM2.5 air pollution, population exposed to levels exceeding WHO guideline value (% of total)",EN.ATM.PM25.MC.ZS,100
Algeria,DZA,2005,"PM2.5 air pollution, population exposed to levels exceeding WHO guideline value (% of total)",EN.ATM.PM25.MC.ZS,100
Algeria,DZA,2000,"PM2.5 air pollution, population exposed to levels exceeding WHO guideline value (% of total)",EN.ATM.PM25.MC.ZS,100
Algeria,DZA,1995,"PM2.5 air pollution, population exposed to levels exceeding WHO guideline value (% of total)",EN.ATM.PM25.MC.ZS,100
Algeria,DZA,1990,"PM2.5 air pollution, population exposed to levels exceeding WHO guideline value (% of total)",EN.ATM.PM25.MC.ZS,100
Algeria,DZA,2022,Population density (people per sq. km of land area),EN.POP.DNST,19.0941790060296
Algeria,DZA,2021,Population density (people per sq. km of land area),EN.POP.DNST,18.7934368178572
Algeria,DZA,2020,Population density (people per sq. km of land area),EN.POP.DNST,18.4915534476671
Algeria,DZA,2019,Population density (people per sq. km of land area),EN.POP.DNST,18.177688506013
Algeria,DZA,2018,Population density (people per sq. km of land area),EN.POP.DNST,17.846203680417
Algeria,DZA,2017,Population density (people per sq. km of land area),EN.POP.DNST,17.5037080018356
Algeria,DZA,2016,Population density (people per sq. km of land area),EN.POP.DNST,17.1516218598076
Algeria,DZA,2015,Population density (people per sq. km of land area),EN.POP.DNST,16.8026368106356
Algeria,DZA,2014,Population density (people per sq. km of land area),EN.POP.DNST,16.4606678310815
Algeria,DZA,2013,Population density (people per sq. km of land area),EN.POP.DNST,16.1286164736705
Algeria,DZA,2012,Population density (people per sq. km of land area),EN.POP.DNST,15.8061610419273
Algeria,DZA,2011,Population density (people per sq. km of land area),EN.POP.DNST,15.4942924080714
Algeria,DZA,2010,Population density (people per sq. km of land area),EN.POP.DNST,15.1940329339055
Algeria,DZA,2009,Population density (people per sq. km of land area),EN.POP.DNST,14.901057630136
Algeria,DZA,2008,Population density (people per sq. km of land area),EN.POP.DNST,14.6182878903659
Algeria,DZA,2007,Population density (people per sq. km of land area),EN.POP.DNST,14.3548061501255
Algeria,DZA,2006,Population density (people per sq. km of land area),EN.POP.DNST,14.1172025493967
Algeria,DZA,2005,Population density (people per sq. km of land area),EN.POP.DNST,13.9012860345798
Algeria,DZA,2004,Population density (people per sq. km of land area),EN.POP.DNST,13.6993483755574
Algeria,DZA,2003,Population density (people per sq. km of land area),EN.POP.DNST,13.5093746588628
Algeria,DZA,2002,Population density (people per sq. km of land area),EN.POP.DNST,13.3309408247752
Algeria,DZA,2001,Population density (people per sq. km of land area),EN.POP.DNST,13.1547612249868
Algeria,DZA,2000,Population density (people per sq. km of land area),EN.POP.DNST,12.9753428165963
Algeria,DZA,1999,Population density (people per sq. km of land area),EN.POP.DNST,12.7949960952917
Algeria,DZA,1998,Population density (people per sq. km of land area),EN.POP.DNST,12.6185616398096
Algeria,DZA,1997,Population density (people per sq. km of land area),EN.POP.DNST,12.4191981492522
Algeria,DZA,1996,Population density (people per sq. km of land area),EN.POP.DNST,12.1898460789171
Algeria,DZA,1995,Population density (people per sq. km of land area),EN.POP.DNST,11.9535259936013
Algeria,DZA,1994,Population density (people per sq. km of land area),EN.POP.DNST,11.7087839142812
Algeria,DZA,1993,Population density (people per sq. km of land area),EN.POP.DNST,11.4525716492984
Algeria,DZA,1992,Population density (people per sq. km of land area),EN.POP.DNST,11.1803001167214
Algeria,DZA,1991,Population density (people per sq. km of land area),EN.POP.DNST,10.9113202952463
Algeria,DZA,1990,Population density (people per sq. km of land area),EN.POP.DNST,10.6543157523491
Algeria,DZA,1989,Population density (people per sq. km of land area),EN.POP.DNST,10.3934455482127
Algeria,DZA,1988,Population density (people per sq. km of land area),EN.POP.DNST,10.1226565452148
Algeria,DZA,1987,Population density (people per sq. km of land area),EN.POP.DNST,9.84306599376926
Algeria,DZA,1986,Population density (people per sq. km of land area),EN.POP.DNST,9.54995045638903
Algeria,DZA,1985,Population density (people per sq. km of land area),EN.POP.DNST,9.24053171210963
Algeria,DZA,1984,Population density (people per sq. km of land area),EN.POP.DNST,8.93127251505202
Algeria,DZA,1983,Population density (people per sq. km of land area),EN.POP.DNST,8.63155298227346
Algeria,DZA,1982,Population density (people per sq. km of land area),EN.POP.DNST,8.34362608848993
Algeria,DZA,1981,Population density (people per sq. km of land area),EN.POP.DNST,8.07002611536104
Algeria,DZA,1980,Population density (people per sq. km of land area),EN.POP.DNST,7.81242872857659
Algeria,DZA,1979,Population density (people per sq. km of land area),EN.POP.DNST,7.57288998799197
Algeria,DZA,1978,Population density (people per sq. km of land area),EN.POP.DNST,7.35049753541528
Algeria,DZA,1977,Population density (people per sq. km of land area),EN.POP.DNST,7.14435412765457
Algeria,DZA,1976,Population density (people per sq. km of land area),EN.POP.DNST,6.88957232947341
Algeria,DZA,1975,Population density (people per sq. km of land area),EN.POP.DNST,6.58283271893658
Algeria,DZA,1974,Population density (people per sq. km of land area),EN.POP.DNST,6.35396894707231
Algeria,DZA,1973,Population density (people per sq. km of land area),EN.POP.DNST,6.20183017457825
Algeria,DZA,1972,Population density (people per sq. km of land area),EN.POP.DNST,6.05736646317398
Algeria,DZA,1971,Population density (people per sq. km of land area),EN.POP.DNST,5.91959491800112
Algeria,DZA,1970,Population density (people per sq. km of land area),EN.POP.DNST,5.78724755850765
Algeria,DZA,1969,Population density (people per sq. km of land area),EN.POP.DNST,5.65803152317213
Algeria,DZA,1968,Population density (people per sq. km of land area),EN.POP.DNST,5.53066833491481
Algeria,DZA,1967,Population density (people per sq. km of land area),EN.POP.DNST,5.40618119526061
Algeria,DZA,1966,Population density (people per sq. km of land area),EN.POP.DNST,5.286080344622
Algeria,DZA,1965,Population density (people per sq. km of land area),EN.POP.DNST,5.19199240891113
Algeria,DZA,1964,Population density (people per sq. km of land area),EN.POP.DNST,5.11382980510047
Algeria,DZA,1963,Population density (people per sq. km of land area),EN.POP.DNST,5.03082536296993
Algeria,DZA,1962,Population density (people per sq. km of land area),EN.POP.DNST,4.95468481026476
Algeria,DZA,1961,Population density (people per sq. km of land area),EN.POP.DNST,4.88251572379857
Algeria,DZA,2015,Urban population living in areas where elevation is below 5 meters (% of total population),EN.POP.EL5M.UR.ZS,1.12475465185959
Algeria,DZA,2000,Urban population living in areas where elevation is below 5 meters (% of total population),EN.POP.EL5M.UR.ZS,1.21730939400642
Algeria,DZA,1990,Urban population living in areas where elevation is below 5 meters (% of total population),EN.POP.EL5M.UR.ZS,1.3429914244437
Algeria,DZA,2022,Population living in slums (% of urban population),EN.POP.SLUM.UR.ZS,13.246
Algeria,DZA,2020,Population living in slums (% of urban population),EN.POP.SLUM.UR.ZS,13.26502
Algeria,DZA,2018,Population living in slums (% of urban population),EN.POP.SLUM.UR.ZS,17.17042
Algeria,DZA,2016,Population living in slums (% of urban population),EN.POP.SLUM.UR.ZS,21.07581
Algeria,DZA,2014,Population living in slums (% of urban population),EN.POP.SLUM.UR.ZS,24.98121
Algeria,DZA,2012,Population living in slums (% of urban population),EN.POP.SLUM.UR.ZS,28.88661
Algeria,DZA,2010,Population living in slums (% of urban population),EN.POP.SLUM.UR.ZS,30.8
Algeria,DZA,2008,Population living in slums (% of urban population),EN.POP.SLUM.UR.ZS,30.8
Algeria,DZA,2006,Population living in slums (% of urban population),EN.POP.SLUM.UR.ZS,30.8
Algeria,DZA,2024,Population in largest city,EN.URB.LCTY,2952115
Algeria,DZA,2023,Population in largest city,EN.URB.LCTY,2901810
Algeria,DZA,2022,Population in largest city,EN.URB.LCTY,2853959
Algeria,DZA,2021,Population in largest city,EN.URB.LCTY,2809158
Algeria,DZA,2020,Population in largest city,EN.URB.LCTY,2767661
Algeria,DZA,2019,Population in largest city,EN.URB.LCTY,2729325
Algeria,DZA,2018,Population in largest city,EN.URB.LCTY,2693542
Algeria,DZA,2017,Population in largest city,EN.URB.LCTY,2659373
Algeria,DZA,2016,Population in largest city,EN.URB.LCTY,2625638
Algeria,DZA,2015,Population in largest city,EN.URB.LCTY,2592330
Algeria,DZA,2014,Population in largest city,EN.URB.LCTY,2559445
Algeria,DZA,2013,Population in largest city,EN.URB.LCTY,2526977
Algeria,DZA,2012,Population in largest city,EN.URB.LCTY,2494920
Algeria,DZA,2011,Population in largest city,EN.URB.LCTY,2463271
Algeria,DZA,2010,Population in largest city,EN.URB.LCTY,2432023
Algeria,DZA,2009,Population in largest city,EN.URB.LCTY,2401172
Algeria,DZA,2008,Population in largest city,EN.URB.LCTY,2370754
Algeria,DZA,2007,Population in largest city,EN.URB.LCTY,2340639
Algeria,DZA,2006,Population in largest city,EN.URB.LCTY,2310947
Algeria,DZA,2005,Population in largest city,EN.URB.LCTY,2281632
Algeria,DZA,2004,Population in largest city,EN.URB.LCTY,2252728
Algeria,DZA,2003,Population in largest city,EN.URB.LCTY,2224112
Algeria,DZA,2002,Population in largest city,EN.URB.LCTY,2195898
Algeria,DZA,2001,Population in largest city,EN.URB.LCTY,2168042
Algeria,DZA,2000,Population in largest city,EN.URB.LCTY,2140577
Algeria,DZA,1999,Population in largest city,EN.URB.LCTY,2113386
Algeria,DZA,1998,Population in largest city,EN.URB.LCTY,2086577
Algeria,DZA,1997,Population in largest city,EN.URB.LCTY,2048125
Algeria,DZA,1996,Population in largest city,EN.URB.LCTY,2010271
Algeria,DZA,1995,Population in largest city,EN.URB.LCTY,1973014
Algeria,DZA,1994,Population in largest city,EN.URB.LCTY,1936498
Algeria,DZA,1993,Population in largest city,EN.URB.LCTY,1900658
Algeria,DZA,1992,Population in largest city,EN.URB.LCTY,1865529
Algeria,DZA,1991,Population in largest city,EN.URB.LCTY,1830955
Algeria,DZA,1990,Population in largest city,EN.URB.LCTY,1797068
Algeria,DZA,1989,Population in largest city,EN.URB.LCTY,1763809
Algeria,DZA,1988,Population in largest city,EN.URB.LCTY,1731209
Algeria,DZA,1987,Population in largest city,EN.URB.LCTY,1699125
Algeria,DZA,1986,Population in largest city,EN.URB.LCTY,1682707
Algeria,DZA,1985,Population in largest city,EN.URB.LCTY,1672335
Algeria,DZA,1984,Population in largest city,EN.URB.LCTY,1662042
Algeria,DZA,1983,Population in largest city,EN.URB.LCTY,1651783
Algeria,DZA,1982,Population in largest city,EN.URB.LCTY,1641602
Algeria,DZA,1981,Population in largest city,EN.URB.LCTY,1631484
Algeria,DZA,1980,Population in largest city,EN.URB.LCTY,1621442
Algeria,DZA,1979,Population in largest city,EN.URB.LCTY,1611434
Algeria,DZA,1978,Population in largest city,EN.URB.LCTY,1601502
Algeria,DZA,1977,Population in largest city,EN.URB.LCTY,1591631
Algeria,DZA,1976,Population in largest city,EN.URB.LCTY,1556390
Algeria,DZA,1975,Population in largest city,EN.URB.LCTY,1506658
Algeria,DZA,1974,Population in largest city,EN.URB.LCTY,1458580
Algeria,DZA,1973,Population in largest city,EN.URB.LCTY,1412036
Algeria,DZA,1972,Population in largest city,EN.URB.LCTY,1367038
Algeria,DZA,1971,Population in largest city,EN.URB.LCTY,1323356
Algeria,DZA,1970,Population in largest city,EN.URB.LCTY,1281127
Algeria,DZA,1969,Population in largest city,EN.URB.LCTY,1240246
Algeria,DZA,1968,Population in largest city,EN.URB.LCTY,1200723
Algeria,DZA,1967,Population in largest city,EN.URB.LCTY,1162355
Algeria,DZA,1966,Population in largest city,EN.URB.LCTY,1125264
Algeria,DZA,1965,Population in largest city,EN.URB.LCTY,1081394
Algeria,DZA,1964,Population in largest city,EN.URB.LCTY,1036876
Algeria,DZA,1963,Population in largest city,EN.URB.LCTY,994074
Algeria,DZA,1962,Population in largest city,EN.URB.LCTY,953095
Algeria,DZA,1961,Population in largest city,EN.URB.LCTY,913806
Algeria,DZA,1960,Population in largest city,EN.URB.LCTY,871636
Algeria,DZA,2024,Population in the largest city (% of urban population),EN.URB.LCTY.UR.ZS,8.32498564193319
Algeria,DZA,2023,Population in the largest city (% of urban population),EN.URB.LCTY.UR.ZS,8.35128122567768
Algeria,DZA,2022,Population in the largest city (% of urban population),EN.URB.LCTY.UR.ZS,8.39292251789058
Algeria,DZA,2021,Population in the largest city (% of urban population),EN.URB.LCTY.UR.ZS,8.45112701428759
Algeria,DZA,2020,Population in the largest city (% of urban population),EN.URB.LCTY.UR.ZS,8.52281494896386
Algeria,DZA,2019,Population in the largest city (% of urban population),EN.URB.LCTY.UR.ZS,8.61343248278584
Algeria,DZA,2018,Population in the largest city (% of urban population),EN.URB.LCTY.UR.ZS,8.72515814365737
Algeria,DZA,2017,Population in the largest city (% of urban population),EN.URB.LCTY.UR.ZS,8.85337007083101
Algeria,DZA,2016,Population in the largest city (% of urban population),EN.URB.LCTY.UR.ZS,8.99452399133625
Algeria,DZA,2015,Population in the largest city (% of urban population),EN.URB.LCTY.UR.ZS,9.14304203613327
Algeria,DZA,2014,Population in the largest city (% of urban population),EN.URB.LCTY.UR.ZS,9.29687490067713
Algeria,DZA,2013,Population in the largest city (% of urban population),EN.URB.LCTY.UR.ZS,9.45475676247624
Algeria,DZA,2012,Population in the largest city (% of urban population),EN.URB.LCTY.UR.ZS,9.61661248877624
Algeria,DZA,2011,Population in the largest city (% of urban population),EN.URB.LCTY.UR.ZS,9.78210970737594
Algeria,DZA,2010,Population in the largest city (% of urban population),EN.URB.LCTY.UR.ZS,9.95036932009385
Algeria,DZA,2009,Population in the largest city (% of urban population),EN.URB.LCTY.UR.ZS,10.124331461457
Algeria,DZA,2008,Population in the largest city (% of urban population),EN.URB.LCTY.UR.ZS,10.3018181010732
Algeria,DZA,2007,Population in the largest city (% of urban population),EN.URB.LCTY.UR.ZS,10.4763607718164
Algeria,DZA,2006,Population in the largest city (% of urban population),EN.URB.LCTY.UR.ZS,10.6404877958265
Algeria,DZA,2005,Population in the largest city (% of urban population),EN.URB.LCTY.UR.ZS,10.7962123314902
Algeria,DZA,2004,Population in the largest city (% of urban population),EN.URB.LCTY.UR.ZS,10.9484755408109
Algeria,DZA,2003,Population in the largest city (% of urban population),EN.URB.LCTY.UR.ZS,11.0981495067011
Algeria,DZA,2002,Population in the largest city (% of urban population),EN.URB.LCTY.UR.ZS,11.2453981217162
Algeria,DZA,2001,Population in the largest city (% of urban population),EN.URB.LCTY.UR.ZS,11.3976634506567
Algeria,DZA,2000,Population in the largest city (% of urban population),EN.URB.LCTY.UR.ZS,11.5598739427727
Algeria,DZA,1999,Population in the largest city (% of urban population),EN.URB.LCTY.UR.ZS,11.7307174707309
Algeria,DZA,1998,Population in the largest city (% of urban population),EN.URB.LCTY.UR.ZS,11.9059708936715
Algeria,DZA,1997,Population in the largest city (% of urban population),EN.URB.LCTY.UR.ZS,12.0328500257298
Algeria,DZA,1996,Population in the largest city (% of urban population),EN.URB.LCTY.UR.ZS,12.1958634295969
Algeria,DZA,1995,Population in the largest city (% of urban population),EN.URB.LCTY.UR.ZS,12.3758495634267
Algeria,DZA,1994,Population in the largest city (% of urban population),EN.URB.LCTY.UR.ZS,12.5754160460396
Algeria,DZA,1993,Population in the largest city (% of urban population),EN.URB.LCTY.UR.ZS,12.7996022991441
Algeria,DZA,1992,Population in the largest city (% of urban population),EN.URB.LCTY.UR.ZS,13.0565307849733
Algeria,DZA,1991,Population in the largest city (% of urban population),EN.URB.LCTY.UR.ZS,13.3256531240691
Algeria,DZA,1990,Population in the largest city (% of urban population),EN.URB.LCTY.UR.ZS,13.5966499485397
Algeria,DZA,1989,Population in the largest city (% of urban population),EN.URB.LCTY.UR.ZS,13.8898391281654
Algeria,DZA,1988,Population in the largest city (% of urban population),EN.URB.LCTY.UR.ZS,14.2159102405262
Algeria,DZA,1987,Population in the largest city (% of urban population),EN.URB.LCTY.UR.ZS,14.5764572446655
Algeria,DZA,1986,Population in the largest city (% of urban population),EN.URB.LCTY.UR.ZS,15.1411744200789
Algeria,DZA,1985,Population in the largest city (% of urban population),EN.URB.LCTY.UR.ZS,15.8409189378329
Algeria,DZA,1984,Population in the largest city (% of urban population),EN.URB.LCTY.UR.ZS,16.5961398474033
Algeria,DZA,1983,Population in the largest city (% of urban population),EN.URB.LCTY.UR.ZS,17.3952682024536
Algeria,DZA,1982,Population in the largest city (% of urban population),EN.URB.LCTY.UR.ZS,18.2344100760099
Algeria,DZA,1981,Population in the largest city (% of urban population),EN.URB.LCTY.UR.ZS,19.1088679720636
Algeria,DZA,1980,Population in the largest city (% of urban population),EN.URB.LCTY.UR.ZS,20.0130191104941
Algeria,DZA,1979,Population in the largest city (% of urban population),EN.URB.LCTY.UR.ZS,20.9403900205046
Algeria,DZA,1978,Population in the largest city (% of urban population),EN.URB.LCTY.UR.ZS,21.8878167083854
Algeria,DZA,1977,Population in the largest city (% of urban population),EN.URB.LCTY.UR.ZS,22.8541221479929
Algeria,DZA,1976,Population in the largest city (% of urban population),EN.URB.LCTY.UR.ZS,23.4211889384583
Algeria,DZA,1975,Population in the largest city (% of urban population),EN.URB.LCTY.UR.ZS,23.8275436813577
Algeria,DZA,1974,Population in the largest city (% of urban population),EN.URB.LCTY.UR.ZS,23.9974281301229
Algeria,DZA,1973,Population in the largest city (% of urban population),EN.URB.LCTY.UR.ZS,23.9003415021219
Algeria,DZA,1972,Population in the largest city (% of urban population),EN.URB.LCTY.UR.ZS,23.7892736155054
Algeria,DZA,1971,Population in the largest city (% of urban population),EN.URB.LCTY.UR.ZS,23.6637130447828
Algeria,DZA,1970,Population in the largest city (% of urban population),EN.URB.LCTY.UR.ZS,23.5303657644893
Algeria,DZA,1969,Population in the largest city (% of urban population),EN.URB.LCTY.UR.ZS,23.39806898571
Algeria,DZA,1968,Population in the largest city (% of urban population),EN.URB.LCTY.UR.ZS,23.2717152807563
Algeria,DZA,1967,Population in the largest city (% of urban population),EN.URB.LCTY.UR.ZS,23.1443345258384
Algeria,DZA,1966,Population in the largest city (% of urban population),EN.URB.LCTY.UR.ZS,23.0116137418065
Algeria,DZA,1965,Population in the largest city (% of urban population),EN.URB.LCTY.UR.ZS,23.231184870043
Algeria,DZA,1964,Population in the largest city (% of urban population),EN.URB.LCTY.UR.ZS,23.5551599693406
Algeria,DZA,1963,Population in the largest city (% of urban population),EN.URB.LCTY.UR.ZS,23.9348923082257
Algeria,DZA,1962,Population in the largest city (% of urban population),EN.URB.LCTY.UR.ZS,24.3166999531574
Algeria,DZA,1961,Population in the largest city (% of urban population),EN.URB.LCTY.UR.ZS,24.7132492219353
Algeria,DZA,1960,Population in the largest city (% of urban population),EN.URB.LCTY.UR.ZS,25.0057376560069
Algeria,DZA,2024,Population in urban agglomerations of more than 1 million,EN.URB.MCTY,2952115
Algeria,DZA,2023,Population in urban agglomerations of more than 1 million,EN.URB.MCTY,2901810
Algeria,DZA,2022,Population in urban agglomerations of more than 1 million,EN.URB.MCTY,2853959
Algeria,DZA,2021,Population in urban agglomerations of more than 1 million,EN.URB.MCTY,2809158
Algeria,DZA,2020,Population in urban agglomerations of more than 1 million,EN.URB.MCTY,2767661
Algeria,DZA,2019,Population in urban agglomerations of more than 1 million,EN.URB.MCTY,2729325
Algeria,DZA,2018,Population in urban agglomerations of more than 1 million,EN.URB.MCTY,2693542
Algeria,DZA,2017,Population in urban agglomerations of more than 1 million,EN.URB.MCTY,2659373
Algeria,DZA,2016,Population in urban agglomerations of more than 1 million,EN.URB.MCTY,2625638
Algeria,DZA,2015,Population in urban agglomerations of more than 1 million,EN.URB.MCTY,2592330
Algeria,DZA,2014,Population in urban agglomerations of more than 1 million,EN.URB.MCTY,2559445
Algeria,DZA,2013,Population in urban agglomerations of more than 1 million,EN.URB.MCTY,2526977
Algeria,DZA,2012,Population in urban agglomerations of more than 1 million,EN.URB.MCTY,2494920
Algeria,DZA,2011,Population in urban agglomerations of more than 1 million,EN.URB.MCTY,2463271
Algeria,DZA,2010,Population in urban agglomerations of more than 1 million,EN.URB.MCTY,2432023
Algeria,DZA,2009,Population in urban agglomerations of more than 1 million,EN.URB.MCTY,2401172
Algeria,DZA,2008,Population in urban agglomerations of more than 1 million,EN.URB.MCTY,2370754
Algeria,DZA,2007,Population in urban agglomerations of more than 1 million,EN.URB.MCTY,2340639
Algeria,DZA,2006,Population in urban agglomerations of more than 1 million,EN.URB.MCTY,2310947
Algeria,DZA,2005,Population in urban agglomerations of more than 1 million,EN.URB.MCTY,2281632
Algeria,DZA,2004,Population in urban agglomerations of more than 1 million,EN.URB.MCTY,2252728
Algeria,DZA,2003,Population in urban agglomerations of more than 1 million,EN.URB.MCTY,2224112
Algeria,DZA,2002,Population in urban agglomerations of more than 1 million,EN.URB.MCTY,2195898
Algeria,DZA,2001,Population in urban agglomerations of more than 1 million,EN.URB.MCTY,2168042
Algeria,DZA,2000,Population in urban agglomerations of more than 1 million,EN.URB.MCTY,2140577
Algeria,DZA,1999,Population in urban agglomerations of more than 1 million,EN.URB.MCTY,2113386
Algeria,DZA,1998,Population in urban agglomerations of more than 1 million,EN.URB.MCTY,2086577
Algeria,DZA,1997,Population in urban agglomerations of more than 1 million,EN.URB.MCTY,2048125
Algeria,DZA,1996,Population in urban agglomerations of more than 1 million,EN.URB.MCTY,2010271
Algeria,DZA,1995,Population in urban agglomerations of more than 1 million,EN.URB.MCTY,1973014
Algeria,DZA,1994,Population in urban agglomerations of more than 1 million,EN.URB.MCTY,1936498
Algeria,DZA,1993,Population in urban agglomerations of more than 1 million,EN.URB.MCTY,1900658
Algeria,DZA,1992,Population in urban agglomerations of more than 1 million,EN.URB.MCTY,1865529
Algeria,DZA,1991,Population in urban agglomerations of more than 1 million,EN.URB.MCTY,1830955
Algeria,DZA,1990,Population in urban agglomerations of more than 1 million,EN.URB.MCTY,1797068
Algeria,DZA,1989,Population in urban agglomerations of more than 1 million,EN.URB.MCTY,1763809
Algeria,DZA,1988,Population in urban agglomerations of more than 1 million,EN.URB.MCTY,1731209
Algeria,DZA,1987,Population in urban agglomerations of more than 1 million,EN.URB.MCTY,1699125
Algeria,DZA,1986,Population in urban agglomerations of more than 1 million,EN.URB.MCTY,1682707
Algeria,DZA,1985,Population in urban agglomerations of more than 1 million,EN.URB.MCTY,1672335
Algeria,DZA,1984,Population in urban agglomerations of more than 1 million,EN.URB.MCTY,1662042
Algeria,DZA,1983,Population in urban agglomerations of more than 1 million,EN.URB.MCTY,1651783
Algeria,DZA,1982,Population in urban agglomerations of more than 1 million,EN.URB.MCTY,1641602
Algeria,DZA,1981,Population in urban agglomerations of more than 1 million,EN.URB.MCTY,1631484
Algeria,DZA,1980,Population in urban agglomerations of more than 1 million,EN.URB.MCTY,1621442
Algeria,DZA,1979,Population in urban agglomerations of more than 1 million,EN.URB.MCTY,1611434
Algeria,DZA,1978,Population in urban agglomerations of more than 1 million,EN.URB.MCTY,1601502
Algeria,DZA,1977,Population in urban agglomerations of more than 1 million,EN.URB.MCTY,1591631
Algeria,DZA,1976,Population in urban agglomerations of more than 1 million,EN.URB.MCTY,1556390
Algeria,DZA,1975,Population in urban agglomerations of more than 1 million,EN.URB.MCTY,1506658
Algeria,DZA,1974,Population in urban agglomerations of more than 1 million,EN.URB.MCTY,1458580
Algeria,DZA,1973,Population in urban agglomerations of more than 1 million,EN.URB.MCTY,1412036
Algeria,DZA,1972,Population in urban agglomerations of more than 1 million,EN.URB.MCTY,1367038
Algeria,DZA,1971,Population in urban agglomerations of more than 1 million,EN.URB.MCTY,1323356
Algeria,DZA,1970,Population in urban agglomerations of more than 1 million,EN.URB.MCTY,1281127
Algeria,DZA,1969,Population in urban agglomerations of more than 1 million,EN.URB.MCTY,1240246
Algeria,DZA,1968,Population in urban agglomerations of more than 1 million,EN.URB.MCTY,1200723
Algeria,DZA,1967,Population in urban agglomerations of more than 1 million,EN.URB.MCTY,1162355
Algeria,DZA,1966,Population in urban agglomerations of more than 1 million,EN.URB.MCTY,1125264
Algeria,DZA,1965,Population in urban agglomerations of more than 1 million,EN.URB.MCTY,1081394
Algeria,DZA,1964,Population in urban agglomerations of more than 1 million,EN.URB.MCTY,1036876
Algeria,DZA,1963,Population in urban agglomerations of more than 1 million,EN.URB.MCTY,994074
Algeria,DZA,1962,Population in urban agglomerations of more than 1 million,EN.URB.MCTY,953095
Algeria,DZA,1961,Population in urban agglomerations of more than 1 million,EN.URB.MCTY,913806
Algeria,DZA,1960,Population in urban agglomerations of more than 1 million,EN.URB.MCTY,871636
Algeria,DZA,2024,Population in urban agglomerations of more than 1 million (% of total population),EN.URB.MCTY.TL.ZS,6.30601011981209
Algeria,DZA,2023,Population in urban agglomerations of more than 1 million (% of total population),EN.URB.MCTY.TL.ZS,6.2858422883749
Algeria,DZA,2022,Population in urban agglomerations of more than 1 million (% of total population),EN.URB.MCTY.TL.ZS,6.27555596914326
Algeria,DZA,2021,Population in urban agglomerations of more than 1 million (% of total population),EN.URB.MCTY.TL.ZS,6.27589148336148
Algeria,DZA,2020,Population in urban agglomerations of more than 1 million (% of total population),EN.URB.MCTY.TL.ZS,6.28412715463487
Algeria,DZA,2019,Population in urban agglomerations of more than 1 million (% of total population),EN.URB.MCTY.TL.ZS,6.30408504572377
Algeria,DZA,2018,Population in urban agglomerations of more than 1 million (% of total population),EN.URB.MCTY.TL.ZS,6.33699513481168
Algeria,DZA,2017,Population in urban agglomerations of more than 1 million (% of total population),EN.URB.MCTY.TL.ZS,6.3790302638574
Algeria,DZA,2016,Population in urban agglomerations of more than 1 million (% of total population),EN.URB.MCTY.TL.ZS,6.42739696075376
Algeria,DZA,2015,Population in urban agglomerations of more than 1 million (% of total population),EN.URB.MCTY.TL.ZS,6.47766244325364
Algeria,DZA,2014,Population in urban agglomerations of more than 1 million (% of total population),EN.URB.MCTY.TL.ZS,6.52835856704207
Algeria,DZA,2013,Population in urban agglomerations of more than 1 million (% of total population),EN.URB.MCTY.TL.ZS,6.57824165982913
Algeria,DZA,2012,Population in urban agglomerations of more than 1 million (% of total population),EN.URB.MCTY.TL.ZS,6.62728842028694
Algeria,DZA,2011,Population in urban agglomerations of more than 1 million (% of total population),EN.URB.MCTY.TL.ZS,6.67492047340059
Algeria,DZA,2010,Population in urban agglomerations of more than 1 million (% of total population),EN.URB.MCTY.TL.ZS,6.72047955031574
Algeria,DZA,2009,Population in urban agglomerations of more than 1 million (% of total population),EN.URB.MCTY.TL.ZS,6.76568580641916
Algeria,DZA,2008,Population in urban agglomerations of more than 1 million (% of total population),EN.URB.MCTY.TL.ZS,6.80919279543094
Algeria,DZA,2007,Population in urban agglomerations of more than 1 million (% of total population),EN.URB.MCTY.TL.ZS,6.8460923696386
Algeria,DZA,2006,Population in urban agglomerations of more than 1 million (% of total population),EN.URB.MCTY.TL.ZS,6.87301020898891
Algeria,DZA,2005,Population in urban agglomerations of more than 1 million (% of total population),EN.URB.MCTY.TL.ZS,6.89122244965448
Algeria,DZA,2004,Population in urban agglomerations of more than 1 million (% of total population),EN.URB.MCTY.TL.ZS,6.90421801500698
Algeria,DZA,2003,Population in urban agglomerations of more than 1 million (% of total population),EN.URB.MCTY.TL.ZS,6.91237127211498
Algeria,DZA,2002,Population in urban agglomerations of more than 1 million (% of total population),EN.URB.MCTY.TL.ZS,6.91603228702489
Algeria,DZA,2001,Population in urban agglomerations of more than 1 million (% of total population),EN.URB.MCTY.TL.ZS,6.91974947289798
Algeria,DZA,2000,Population in urban agglomerations of more than 1 million (% of total population),EN.URB.MCTY.TL.ZS,6.92656099993616
Algeria,DZA,1999,Population in urban agglomerations of more than 1 million (% of total population),EN.URB.MCTY.TL.ZS,6.93496570919928
Algeria,DZA,1998,Population in urban agglomerations of more than 1 million (% of total population),EN.URB.MCTY.TL.ZS,6.94272897507973
Algeria,DZA,1997,Population in urban agglomerations of more than 1 million (% of total population),EN.URB.MCTY.TL.ZS,6.92418323205136
Algeria,DZA,1996,Population in urban agglomerations of more than 1 million (% of total population),EN.URB.MCTY.TL.ZS,6.92407933525675
Algeria,DZA,1995,Population in urban agglomerations of more than 1 million (% of total population),EN.URB.MCTY.TL.ZS,6.93010454338013
Algeria,DZA,1994,Population in urban agglomerations of more than 1 million (% of total population),EN.URB.MCTY.TL.ZS,6.9440191708915
Algeria,DZA,1993,Population in urban agglomerations of more than 1 million (% of total population),EN.URB.MCTY.TL.ZS,6.96797542021409
Algeria,DZA,1992,Population in urban agglomerations of more than 1 million (% of total population),EN.URB.MCTY.TL.ZS,7.00574285481668
Algeria,DZA,1991,Population in urban agglomerations of more than 1 million (% of total population),EN.URB.MCTY.TL.ZS,7.0454058515169
Algeria,DZA,1990,Population in urban agglomerations of more than 1 million (% of total population),EN.URB.MCTY.TL.ZS,7.08181531939276
Algeria,DZA,1989,Population in urban agglomerations of more than 1 million (% of total population),EN.URB.MCTY.TL.ZS,7.1252098357126
Algeria,DZA,1988,Population in urban agglomerations of more than 1 million (% of total population),EN.URB.MCTY.TL.ZS,7.18059858140779
Algeria,DZA,1987,Population in urban agglomerations of more than 1 million (% of total population),EN.URB.MCTY.TL.ZS,7.24770624200422
Algeria,DZA,1986,Population in urban agglomerations of more than 1 million (% of total population),EN.URB.MCTY.TL.ZS,7.39797794719738
Algeria,DZA,1985,Population in urban agglomerations of more than 1 million (% of total population),EN.URB.MCTY.TL.ZS,7.59857171832903
Algeria,DZA,1984,Population in urban agglomerations of more than 1 million (% of total population),EN.URB.MCTY.TL.ZS,7.81329645600743
Algeria,DZA,1983,Population in urban agglomerations of more than 1 million (% of total population),EN.URB.MCTY.TL.ZS,8.03470065227284
Algeria,DZA,1982,Population in urban agglomerations of more than 1 million (% of total population),EN.URB.MCTY.TL.ZS,8.26073496700038
Algeria,DZA,1981,Population in urban agglomerations of more than 1 million (% of total population),EN.URB.MCTY.TL.ZS,8.48815943474287
Algeria,DZA,1980,Population in urban agglomerations of more than 1 million (% of total population),EN.URB.MCTY.TL.ZS,8.71406910044481
Algeria,DZA,1979,Population in urban agglomerations of more than 1 million (% of total population),EN.URB.MCTY.TL.ZS,8.93421756972121
Algeria,DZA,1978,Population in urban agglomerations of more than 1 million (% of total population),EN.URB.MCTY.TL.ZS,9.14779447321964
Algeria,DZA,1977,Population in urban agglomerations of more than 1 million (% of total population),EN.URB.MCTY.TL.ZS,9.35373508006644
Algeria,DZA,1976,Population in urban agglomerations of more than 1 million (% of total population),EN.URB.MCTY.TL.ZS,9.48487949116256
Algeria,DZA,1975,Population in urban agglomerations of more than 1 million (% of total population),EN.URB.MCTY.TL.ZS,9.60964872109722
Algeria,DZA,1974,Population in urban agglomerations of more than 1 million (% of total population),EN.URB.MCTY.TL.ZS,9.63808641251708
Algeria,DZA,1973,Population in urban agglomerations of more than 1 million (% of total population),EN.URB.MCTY.TL.ZS,9.55942013169323
Algeria,DZA,1972,Population in urban agglomerations of more than 1 million (% of total population),EN.URB.MCTY.TL.ZS,9.47550549411551
Algeria,DZA,1971,Population in urban agglomerations of more than 1 million (% of total population),EN.URB.MCTY.TL.ZS,9.3862118389643
Algeria,DZA,1970,Population in urban agglomerations of more than 1 million (% of total population),EN.URB.MCTY.TL.ZS,9.29449446843773
Algeria,DZA,1969,Population in urban agglomerations of more than 1 million (% of total population),EN.URB.MCTY.TL.ZS,9.20339627009875
Algeria,DZA,1968,Population in urban agglomerations of more than 1 million (% of total population),EN.URB.MCTY.TL.ZS,9.11529784445213
Algeria,DZA,1967,Population in urban agglomerations of more than 1 million (% of total population),EN.URB.MCTY.TL.ZS,9.02721612212625
Algeria,DZA,1966,Population in urban agglomerations of more than 1 million (% of total population),EN.URB.MCTY.TL.ZS,8.93771114360056
Algeria,DZA,1965,Population in urban agglomerations of more than 1 million (% of total population),EN.URB.MCTY.TL.ZS,8.74491427122291
Algeria,DZA,1964,Population in urban agglomerations of more than 1 million (% of total population),EN.URB.MCTY.TL.ZS,8.51306994614778
Algeria,DZA,1963,Population in urban agglomerations of more than 1 million (% of total population),EN.URB.MCTY.TL.ZS,8.29631288892331
Algeria,DZA,1962,Population in urban agglomerations of more than 1 million (% of total population),EN.URB.MCTY.TL.ZS,8.07654855771712
Algeria,DZA,1961,Population in urban agglomerations of more than 1 million (% of total population),EN.URB.MCTY.TL.ZS,7.8580720091517
Algeria,DZA,1960,Population in urban agglomerations of more than 1 million (% of total population),EN.URB.MCTY.TL.ZS,7.62925121064284
Algeria,DZA,2019,"Mortality caused by road traffic injury (per 100,000 population)",SH.STA.TRAF.P5,20.9
Algeria,DZA,2018,"Mortality caused by road traffic injury (per 100,000 population)",SH.STA.TRAF.P5,21
Algeria,DZA,2017,"Mortality caused by road traffic injury (per 100,000 population)",SH.STA.TRAF.P5,21
Algeria,DZA,2016,"Mortality caused by road traffic injury (per 100,000 population)",SH.STA.TRAF.P5,21.1
Algeria,DZA,2015,"Mortality caused by road traffic injury (per 100,000 population)",SH.STA.TRAF.P5,21.2
Algeria,DZA,2014,"Mortality caused by road traffic injury (per 100,000 population)",SH.STA.TRAF.P5,21.2
Algeria,DZA,2013,"Mortality caused by road traffic injury (per 100,000 population)",SH.STA.TRAF.P5,21.1
Algeria,DZA,2012,"Mortality caused by road traffic injury (per 100,000 population)",SH.STA.TRAF.P5,21.4
Algeria,DZA,2011,"Mortality caused by road traffic injury (per 100,000 population)",SH.STA.TRAF.P5,22.3
Algeria,DZA,2010,"Mortality caused by road traffic injury (per 100,000 population)",SH.STA.TRAF.P5,22.3
Algeria,DZA,2009,"Mortality caused by road traffic injury (per 100,000 population)",SH.STA.TRAF.P5,22.5
Algeria,DZA,2008,"Mortality caused by road traffic injury (per 100,000 population)",SH.STA.TRAF.P5,22.4
Algeria,DZA,2007,"Mortality caused by road traffic injury (per 100,000 population)",SH.STA.TRAF.P5,22.3
Algeria,DZA,2006,"Mortality caused by road traffic injury (per 100,000 population)",SH.STA.TRAF.P5,22.2
Algeria,DZA,2005,"Mortality caused by road traffic injury (per 100,000 population)",SH.STA.TRAF.P5,22.1
Algeria,DZA,2004,"Mortality caused by road traffic injury (per 100,000 population)",SH.STA.TRAF.P5,22.5
Algeria,DZA,2003,"Mortality caused by road traffic injury (per 100,000 population)",SH.STA.TRAF.P5,22.7
Algeria,DZA,2002,"Mortality caused by road traffic injury (per 100,000 population)",SH.STA.TRAF.P5,22.8
Algeria,DZA,2001,"Mortality caused by road traffic injury (per 100,000 population)",SH.STA.TRAF.P5,22.7
Algeria,DZA,2000,"Mortality caused by road traffic injury (per 100,000 population)",SH.STA.TRAF.P5,22.5
Algeria,DZA,2024,Urban population growth (annual %),SP.URB.GROW,2.03408385092412
Algeria,DZA,2023,Urban population growth (annual %),SP.URB.GROW,2.16013530926815
Algeria,DZA,2022,Urban population growth (annual %),SP.URB.GROW,2.27333724769027
Algeria,DZA,2021,Urban population growth (annual %),SP.URB.GROW,2.33291075552344
Algeria,DZA,2020,Urban population growth (annual %),SP.URB.GROW,2.45244552744014
Algeria,DZA,2019,Urban population growth (annual %),SP.URB.GROW,2.60849616986416
Algeria,DZA,2018,Urban population growth (annual %),SP.URB.GROW,2.73542676149437
Algeria,DZA,2017,Urban population growth (annual %),SP.URB.GROW,2.85842278444101
Algeria,DZA,2016,Urban population growth (annual %),SP.URB.GROW,2.91440389811947
Algeria,DZA,2015,Urban population growth (annual %),SP.URB.GROW,2.94518017888986
Algeria,DZA,2014,Urban population growth (annual %),SP.URB.GROW,2.96063759176699
Algeria,DZA,2013,Urban population growth (annual %),SP.URB.GROW,2.97411566520037
Algeria,DZA,2012,Urban population growth (annual %),SP.URB.GROW,2.98296298179996
Algeria,DZA,2011,Urban population growth (annual %),SP.URB.GROW,2.98212110054578
Algeria,DZA,2010,Urban population growth (annual %),SP.URB.GROW,3.00983840402518
Algeria,DZA,2009,Urban population growth (annual %),SP.URB.GROW,3.01277154927127
Algeria,DZA,2008,Urban population growth (annual %),SP.URB.GROW,2.95850486584646
Algeria,DZA,2007,Urban population growth (annual %),SP.URB.GROW,2.83115361262584
Algeria,DZA,2006,Urban population growth (annual %),SP.URB.GROW,2.72954550842116
Algeria,DZA,2005,Urban population growth (annual %),SP.URB.GROW,2.67539141247706
Algeria,DZA,2004,Urban population growth (annual %),SP.URB.GROW,2.63623481702229
Algeria,DZA,2003,Urban population growth (annual %),SP.URB.GROW,2.59472661558263
Algeria,DZA,2002,Urban population growth (annual %),SP.URB.GROW,2.62160032052878
Algeria,DZA,2001,Urban population growth (annual %),SP.URB.GROW,2.68806218799578
Algeria,DZA,2000,Urban population growth (annual %),SP.URB.GROW,2.74548859179585
Algeria,DZA,1999,Urban population growth (annual %),SP.URB.GROW,2.75956801373485
Algeria,DZA,1998,Urban population growth (annual %),SP.URB.GROW,2.92005655501508
Algeria,DZA,1997,Urban population growth (annual %),SP.URB.GROW,3.21116209166576
Algeria,DZA,1996,Urban population growth (annual %),SP.URB.GROW,3.3357342636794
Algeria,DZA,1995,Urban population growth (annual %),SP.URB.GROW,3.4677978549758
Algeria,DZA,1994,Urban population growth (annual %),SP.URB.GROW,3.63513446254922
Algeria,DZA,1993,Urban population growth (annual %),SP.URB.GROW,3.8529834838154
Algeria,DZA,1992,Urban population growth (annual %),SP.URB.GROW,3.91095022406325
Algeria,DZA,1991,Urban population growth (annual %),SP.URB.GROW,3.88136920199662
Algeria,DZA,1990,Urban population growth (annual %),SP.URB.GROW,4.00149126215062
Algeria,DZA,1989,Urban population growth (annual %),SP.URB.GROW,4.18598687190653
Algeria,DZA,1988,Urban population growth (annual %),SP.URB.GROW,4.37525285522644
Algeria,DZA,1987,Urban population growth (annual %),SP.URB.GROW,4.77197124604794
Algeria,DZA,1986,Urban population growth (annual %),SP.URB.GROW,5.1361535503411
Algeria,DZA,1985,Urban population growth (annual %),SP.URB.GROW,5.27476171253112
Algeria,DZA,1984,Urban population growth (annual %),SP.URB.GROW,5.32197541751834
Algeria,DZA,1983,Urban population growth (annual %),SP.URB.GROW,5.32949619168721
Algeria,DZA,1982,Urban population growth (annual %),SP.URB.GROW,5.30246107286431
Algeria,DZA,1981,Urban population growth (annual %),SP.URB.GROW,5.24046515663179
Algeria,DZA,1980,Urban population growth (annual %),SP.URB.GROW,5.14882245638073
Algeria,DZA,1979,Urban population growth (annual %),SP.URB.GROW,5.04328633541804
Algeria,DZA,1978,Urban population growth (annual %),SP.URB.GROW,4.93839963423709
Algeria,DZA,1977,Urban population growth (annual %),SP.URB.GROW,4.68998610197808
Algeria,DZA,1976,Urban population growth (annual %),SP.URB.GROW,4.96761703107404
Algeria,DZA,1975,Urban population growth (annual %),SP.URB.GROW,3.95350475515214
Algeria,DZA,1974,Urban population growth (annual %),SP.URB.GROW,2.83768094650231
Algeria,DZA,1973,Urban population growth (annual %),SP.URB.GROW,2.77283220789114
Algeria,DZA,1972,Urban population growth (annual %),SP.URB.GROW,2.71834101032238
Algeria,DZA,1971,Urban population growth (annual %),SP.URB.GROW,2.67797426118723
Algeria,DZA,1970,Urban population growth (annual %),SP.URB.GROW,2.67921620183725
Algeria,DZA,1969,Urban population growth (annual %),SP.URB.GROW,2.69710613993086
Algeria,DZA,1968,Urban population growth (annual %),SP.URB.GROW,2.69870908167383
Algeria,DZA,1967,Urban population growth (annual %),SP.URB.GROW,2.6679456831201
Algeria,DZA,1966,Urban population growth (annual %),SP.URB.GROW,4.92632429329812
Algeria,DZA,1965,Urban population growth (annual %),SP.URB.GROW,5.58879551188992
Algeria,DZA,1964,Urban population growth (annual %),SP.URB.GROW,5.81483948660154
Algeria,DZA,1963,Urban population growth (annual %),SP.URB.GROW,5.79230983589995
Algeria,DZA,1962,Urban population growth (annual %),SP.URB.GROW,5.82724391856384
Algeria,DZA,1961,Urban population growth (annual %),SP.URB.GROW,5.90121887379137
Algeria,DZA,2024,Urban population,SP.URB.TOTL,35460902
Algeria,DZA,2023,Urban population,SP.URB.TOTL,34746884
Algeria,DZA,2022,Urban population,SP.URB.TOTL,34004353
Algeria,DZA,2021,Urban population,SP.URB.TOTL,33240040
Algeria,DZA,2020,Urban population,SP.URB.TOTL,32473555
Algeria,DZA,2019,Urban population,SP.URB.TOTL,31686845
Algeria,DZA,2018,Urban population,SP.URB.TOTL,30870982
Algeria,DZA,2017,Urban population,SP.URB.TOTL,30037974
Algeria,DZA,2016,Urban population,SP.URB.TOTL,29191517
Algeria,DZA,2015,Urban population,SP.URB.TOTL,28353036
Algeria,DZA,2014,Urban population,SP.URB.TOTL,27530165
Algeria,DZA,2013,Urban population,SP.URB.TOTL,26727044
Algeria,DZA,2012,Urban population,SP.URB.TOTL,25943855
Algeria,DZA,2011,Urban population,SP.URB.TOTL,25181388
Algeria,DZA,2010,Urban population,SP.URB.TOTL,24441535
Algeria,DZA,2009,Urban population,SP.URB.TOTL,23716845
Algeria,DZA,2008,Urban population,SP.URB.TOTL,23012967
Algeria,DZA,2007,Urban population,SP.URB.TOTL,22342100
Algeria,DZA,2006,Urban population,SP.URB.TOTL,21718431
Algeria,DZA,2005,Urban population,SP.URB.TOTL,21133634
Algeria,DZA,2004,Urban population,SP.URB.TOTL,20575723
Algeria,DZA,2003,Urban population,SP.URB.TOTL,20040386
Algeria,DZA,2002,Urban population,SP.URB.TOTL,19527081
Algeria,DZA,2001,Urban population,SP.URB.TOTL,19021811
Algeria,DZA,2000,Urban population,SP.URB.TOTL,18517304
Algeria,DZA,1999,Urban population,SP.URB.TOTL,18015829
Algeria,DZA,1998,Urban population,SP.URB.TOTL,17525467
Algeria,DZA,1997,Urban population,SP.URB.TOTL,17021113
Algeria,DZA,1996,Urban population,SP.URB.TOTL,16483220
Algeria,DZA,1995,Urban population,SP.URB.TOTL,15942453
Algeria,DZA,1994,Urban population,SP.URB.TOTL,15399077
Algeria,DZA,1993,Urban population,SP.URB.TOTL,14849352
Algeria,DZA,1992,Urban population,SP.URB.TOTL,14288091
Algeria,DZA,1991,Urban population,SP.URB.TOTL,13740077
Algeria,DZA,1990,Urban population,SP.URB.TOTL,13216991
Algeria,DZA,1989,Urban population,SP.URB.TOTL,12698556
Algeria,DZA,1988,Urban population,SP.URB.TOTL,12177968
Algeria,DZA,1987,Urban population,SP.URB.TOTL,11656639
Algeria,DZA,1986,Urban population,SP.URB.TOTL,11113451
Algeria,DZA,1985,Urban population,SP.URB.TOTL,10557058
Algeria,DZA,1984,Urban population,SP.URB.TOTL,10014630
Algeria,DZA,1983,Urban population,SP.URB.TOTL,9495588
Algeria,DZA,1982,Urban population,SP.URB.TOTL,9002770
Algeria,DZA,1981,Urban population,SP.URB.TOTL,8537837
Algeria,DZA,1980,Urban population,SP.URB.TOTL,8101936
Algeria,DZA,1979,Urban population,SP.URB.TOTL,7695339
Algeria,DZA,1978,Urban population,SP.URB.TOTL,7316865
Algeria,DZA,1977,Urban population,SP.URB.TOTL,6964306
Algeria,DZA,1976,Urban population,SP.URB.TOTL,6645222
Algeria,DZA,1975,Urban population,SP.URB.TOTL,6323178
Algeria,DZA,1974,Urban population,SP.URB.TOTL,6078068
Algeria,DZA,1973,Urban population,SP.URB.TOTL,5908016
Algeria,DZA,1972,Urban population,SP.URB.TOTL,5746447
Algeria,DZA,1971,Urban population,SP.URB.TOTL,5592343
Algeria,DZA,1970,Urban population,SP.URB.TOTL,5444569
Algeria,DZA,1969,Urban population,SP.URB.TOTL,5300634
Algeria,DZA,1968,Urban population,SP.URB.TOTL,5159581
Algeria,DZA,1967,Urban population,SP.URB.TOTL,5022201
Algeria,DZA,1966,Urban population,SP.URB.TOTL,4889983
Algeria,DZA,1965,Urban population,SP.URB.TOTL,4654924
Algeria,DZA,1964,Urban population,SP.URB.TOTL,4401906
Algeria,DZA,1963,Urban population,SP.URB.TOTL,4153242
Algeria,DZA,1962,Urban population,SP.URB.TOTL,3919508
Algeria,DZA,1961,Urban population,SP.URB.TOTL,3697636
Algeria,DZA,1960,Urban population,SP.URB.TOTL,3485744
Algeria,DZA,2024,Urban population (% of total population),SP.URB.TOTL.IN.ZS,75.748
Algeria,DZA,2023,Urban population (% of total population),SP.URB.TOTL.IN.ZS,75.268
Algeria,DZA,2022,Urban population (% of total population),SP.URB.TOTL.IN.ZS,74.772
Algeria,DZA,2021,Urban population (% of total population),SP.URB.TOTL.IN.ZS,74.261
Algeria,DZA,2020,Urban population (% of total population),SP.URB.TOTL.IN.ZS,73.733
Algeria,DZA,2019,Urban population (% of total population),SP.URB.TOTL.IN.ZS,73.189
Algeria,DZA,2018,Urban population (% of total population),SP.URB.TOTL.IN.ZS,72.629
Algeria,DZA,2017,Urban population (% of total population),SP.URB.TOTL.IN.ZS,72.052
Algeria,DZA,2016,Urban population (% of total population),SP.URB.TOTL.IN.ZS,71.459
Algeria,DZA,2015,Urban population (% of total population),SP.URB.TOTL.IN.ZS,70.848
Algeria,DZA,2014,Urban population (% of total population),SP.URB.TOTL.IN.ZS,70.221
Algeria,DZA,2013,Urban population (% of total population),SP.URB.TOTL.IN.ZS,69.576
Algeria,DZA,2012,Urban population (% of total population),SP.URB.TOTL.IN.ZS,68.915
Algeria,DZA,2011,Urban population (% of total population),SP.URB.TOTL.IN.ZS,68.236
Algeria,DZA,2010,Urban population (% of total population),SP.URB.TOTL.IN.ZS,67.54
Algeria,DZA,2009,Urban population (% of total population),SP.URB.TOTL.IN.ZS,66.826
Algeria,DZA,2008,Urban population (% of total population),SP.URB.TOTL.IN.ZS,66.097
Algeria,DZA,2007,Urban population (% of total population),SP.URB.TOTL.IN.ZS,65.348
Algeria,DZA,2006,Urban population (% of total population),SP.URB.TOTL.IN.ZS,64.593
Algeria,DZA,2005,Urban population (% of total population),SP.URB.TOTL.IN.ZS,63.83
Algeria,DZA,2004,Urban population (% of total population),SP.URB.TOTL.IN.ZS,63.061
Algeria,DZA,2003,Urban population (% of total population),SP.URB.TOTL.IN.ZS,62.284
Algeria,DZA,2002,Urban population (% of total population),SP.URB.TOTL.IN.ZS,61.501
Algeria,DZA,2001,Urban population (% of total population),SP.URB.TOTL.IN.ZS,60.712
Algeria,DZA,2000,Urban population (% of total population),SP.URB.TOTL.IN.ZS,59.919
Algeria,DZA,1999,Urban population (% of total population),SP.URB.TOTL.IN.ZS,59.118
Algeria,DZA,1998,Urban population (% of total population),SP.URB.TOTL.IN.ZS,58.313
Algeria,DZA,1997,Urban population (% of total population),SP.URB.TOTL.IN.ZS,57.544
Algeria,DZA,1996,Urban population (% of total population),SP.URB.TOTL.IN.ZS,56.774
Algeria,DZA,1995,Urban population (% of total population),SP.URB.TOTL.IN.ZS,55.997
Algeria,DZA,1994,Urban population (% of total population),SP.URB.TOTL.IN.ZS,55.219
Algeria,DZA,1993,Urban population (% of total population),SP.URB.TOTL.IN.ZS,54.439
Algeria,DZA,1992,Urban population (% of total population),SP.URB.TOTL.IN.ZS,53.657
Algeria,DZA,1991,Urban population (% of total population),SP.URB.TOTL.IN.ZS,52.871
Algeria,DZA,1990,Urban population (% of total population),SP.URB.TOTL.IN.ZS,52.085
Algeria,DZA,1989,Urban population (% of total population),SP.URB.TOTL.IN.ZS,51.298
Algeria,DZA,1988,Urban population (% of total population),SP.URB.TOTL.IN.ZS,50.511
Algeria,DZA,1987,Urban population (% of total population),SP.URB.TOTL.IN.ZS,49.722
Algeria,DZA,1986,Urban population (% of total population),SP.URB.TOTL.IN.ZS,48.86
Algeria,DZA,1985,Urban population (% of total population),SP.URB.TOTL.IN.ZS,47.968
Algeria,DZA,1984,Urban population (% of total population),SP.URB.TOTL.IN.ZS,47.079
Algeria,DZA,1983,Urban population (% of total population),SP.URB.TOTL.IN.ZS,46.189
Algeria,DZA,1982,Urban population (% of total population),SP.URB.TOTL.IN.ZS,45.303
Algeria,DZA,1981,Urban population (% of total population),SP.URB.TOTL.IN.ZS,44.42
Algeria,DZA,1980,Urban population (% of total population),SP.URB.TOTL.IN.ZS,43.542
Algeria,DZA,1979,Urban population (% of total population),SP.URB.TOTL.IN.ZS,42.665
Algeria,DZA,1978,Urban population (% of total population),SP.URB.TOTL.IN.ZS,41.794
Algeria,DZA,1977,Urban population (% of total population),SP.URB.TOTL.IN.ZS,40.928
Algeria,DZA,1976,Urban population (% of total population),SP.URB.TOTL.IN.ZS,40.497
Algeria,DZA,1975,Urban population (% of total population),SP.URB.TOTL.IN.ZS,40.33
Algeria,DZA,1974,Urban population (% of total population),SP.URB.TOTL.IN.ZS,40.163
Algeria,DZA,1973,Urban population (% of total population),SP.URB.TOTL.IN.ZS,39.997
Algeria,DZA,1972,Urban population (% of total population),SP.URB.TOTL.IN.ZS,39.831
Algeria,DZA,1971,Urban population (% of total population),SP.URB.TOTL.IN.ZS,39.665
Algeria,DZA,1970,Urban population (% of total population),SP.URB.TOTL.IN.ZS,39.5
Algeria,DZA,1969,Urban population (% of total population),SP.URB.TOTL.IN.ZS,39.334
Algeria,DZA,1968,Urban population (% of total population),SP.URB.TOTL.IN.ZS,39.169
Algeria,DZA,1967,Urban population (% of total population),SP.URB.TOTL.IN.ZS,39.004
Algeria,DZA,1966,Urban population (% of total population),SP.URB.TOTL.IN.ZS,38.84
Algeria,DZA,1965,Urban population (% of total population),SP.URB.TOTL.IN.ZS,37.643
Algeria,DZA,1964,Urban population (% of total population),SP.URB.TOTL.IN.ZS,36.141
Algeria,DZA,1963,Urban population (% of total population),SP.URB.TOTL.IN.ZS,34.662
Algeria,DZA,1962,Urban population (% of total population),SP.URB.TOTL.IN.ZS,33.214
Algeria,DZA,1961,Urban population (% of total population),SP.URB.TOTL.IN.ZS,31.797
Algeria,DZA,1960,Urban population (% of total population),SP.URB.TOTL.IN.ZS,30.51
Algeria,DZA,2010,"Motor vehicles (per 1,000 people)",IS.VEH.NVEH.P3,114.090427122791
Algeria,DZA,2009,"Motor vehicles (per 1,000 people)",IS.VEH.NVEH.P3,112.068414610836
Algeria,DZA,2008,"Motor vehicles (per 1,000 people)",IS.VEH.NVEH.P3,109
Algeria,DZA,2007,"Motor vehicles (per 1,000 people)",IS.VEH.NVEH.P3,101
Algeria,DZA,2006,"Motor vehicles (per 1,000 people)",IS.VEH.NVEH.P3,95
Algeria,DZA,2005,"Motor vehicles (per 1,000 people)",IS.VEH.NVEH.P3,91
Algeria,DZA,2004,"Motor vehicles (per 1,000 people)",IS.VEH.NVEH.P3,89
Algeria,DZA,2003,"Motor vehicles (per 1,000 people)",IS.VEH.NVEH.P3,88
Algeria,DZA,2010,"Passenger cars (per 1,000 people)",IS.VEH.PCAR.P3,75.8728774794599
Algeria,DZA,2009,"Passenger cars (per 1,000 people)",IS.VEH.PCAR.P3,74.3165230329324
Algeria,DZA,2008,"Passenger cars (per 1,000 people)",IS.VEH.PCAR.P3,72
Algeria,DZA,2007,"Passenger cars (per 1,000 people)",IS.VEH.PCAR.P3,66
Algeria,DZA,2006,"Passenger cars (per 1,000 people)",IS.VEH.PCAR.P3,61
Algeria,DZA,2005,"Passenger cars (per 1,000 people)",IS.VEH.PCAR.P3,58
Algeria,DZA,2004,"Passenger cars (per 1,000 people)",IS.VEH.PCAR.P3,57
Algeria,DZA,2003,"Passenger cars (per 1,000 people)",IS.VEH.PCAR.P3,56
Algeria,DZA,2010,Vehicles (per km of road),IS.VEH.ROAD.K1,35.604091329022
Algeria,DZA,2009,Vehicles (per km of road),IS.VEH.ROAD.K1,35
Algeria,DZA,2008,Vehicles (per km of road),IS.VEH.ROAD.K1,34
Algeria,DZA,2004,Vehicles (per km of road),IS.VEH.ROAD.K1,27
